,PCA_components,eigen_value
0,stateur,0.173728895807
1,statemb,0.20505356468
2,state,0.0628839903225
3,age,0.162689058575
4,tenure,0.112577052898
5,yrdispl,0.24551035049
6,rr,0.0968011011158
7,NumericHead,0.242004962917
8,Numericnwhite,0.0190568131307
9,Numericnschool12,0.00214289347224
10,Numericsex,0.129300929197
11,Numericbluecol,0.0
12,Numericsmsa,0.0427928264018
13,Numericmarried,0.232946543551
14,Numericdkids,0.160103530791
15,Numericdykids,0.101381294291
16,Numericui,0.0110261923604
